Jimi;Jimi Verhoeven;jimi;jimi@gmail.com;straat 1;1111AD;
Cindy;Cindy Jong;jong;viddrawings@gmail.com;straat 2;1122BB;
Ingrid;Ingrid de Jong;ingrid;ingrid@gmail.com;straat 3;1345GG;
Rob;Rob Huijdts;rob;rob@gmail.com;straat 4;1111AD;
Rik;Rik Boss;rik;rik@gmail.com;straat 5;1246JJ;
Mounia;Mounia Belmamoune;mounia;mounia@gmail.com;straat 6;werf11;
Rory;Rory Sie;rory;rory@gmail.com;straat 7;1345HH;
Danielle;Danielle Jong;danielle;danielle@gmail.com;straat 8;4566KK;
Martin;Martin Luhrman;martin;martin@gmail.com;straat 8;8848JI;
1234;Annette Laptop;annette;annette@gmail.com;straat 9;7374YY;